"File ID","File Name","File Mime","File Size (in bytes)","Num Items","Upload Date (IST)"
"5f3f82a73e080710129270ae","WPLBN0082099034.pdf","application/pdf","6,506","1","Fri, 21 Aug 2020 13:45:35"
"5f3dee96bd4d894d5c55069d","WPLBN0000692636.pdf","application/pdf","6,511","1","Thu, 20 Aug 2020 09:01:34"
"5f3fb8fe2d49701c319b8dcd","WPLBN0000688638.pdf","application/pdf","6,529","1","Fri, 21 Aug 2020 17:37:26"
"5f415024158ac827cbaa37b3","WPLBN0000682487.pdf","application/pdf","6,544","1","Sat, 22 Aug 2020 22:34:36"
"5f3ecc3f616c6563f87a538b","WPLBN0082097550.pdf","application/pdf","6,544","1","Fri, 21 Aug 2020 00:47:19"
"5f3b9d293e08071012617d6a","WPLBN0000032132.pdf","application/pdf","6,546","1","Tue, 18 Aug 2020 14:49:37"
"5f3dec9a3e080710127ed6e4","WPLBN0000699542.pdf","application/pdf","6,552","1","Thu, 20 Aug 2020 08:53:06"
"5f3deeba25733a4e8153df73","WPLBN0000692095.pdf","application/pdf","6,560","1","Thu, 20 Aug 2020 09:02:10"
"5f3deb3e25733a4e8153c2b5","WPLBN0000705938.pdf","application/pdf","6,566","1","Thu, 20 Aug 2020 08:47:18"
"5f3bc359616c6563f8538f66","WPLBN0000138772.pdf","application/pdf","6,582","1","Tue, 18 Aug 2020 17:32:33"
"5f3b97483e08071012612921","WPLBN0000008587.pdf","application/pdf","6,651","1","Tue, 18 Aug 2020 14:24:32"
"5f3e3dcb2d49701c3189567d","WPLBN0000681880.pdf","application/pdf","6,672","1","Thu, 20 Aug 2020 14:39:31"
"5f3ef8502d49701c31927a07","WPLBN0082098950.pdf","application/pdf","6,700","1","Fri, 21 Aug 2020 03:55:20"
"5f3f9e82158ac827cb96997f","WPLBN0000024009.pdf","application/octet-stream","6,704","1","Fri, 21 Aug 2020 15:44:26"
"5f3dfadd3e080710127f41dc","WPLBN0000584286.pdf","application/pdf","6,712","1","Thu, 20 Aug 2020 09:53:57"
"5f3eb46d158ac827cb8ba672","WPLBN0000008264.pdf","application/pdf","6,713","1","Thu, 20 Aug 2020 23:05:41"
"5f3deb18616c6563f86f137a","WPLBN0000706766.pdf","application/octet-stream","6,719","1","Thu, 20 Aug 2020 08:46:40"
"5f3deeac616c6563f86f2b87","WPLBN0000692402.pdf","application/pdf","6,724","1","Thu, 20 Aug 2020 09:01:56"
"5f3df0332d49701c3185c382","WPLBN0000680213.pdf","application/pdf","6,737","1","Thu, 20 Aug 2020 09:08:27"
"5f3deb18158ac827cb81d7df","WPLBN0000706764.pdf","application/octet-stream","6,760","1","Thu, 20 Aug 2020 08:46:40"
"5f3deb17158ac827cb81d7dd","WPLBN0000706770.pdf","application/pdf","6,760","1","Thu, 20 Aug 2020 08:46:39"
"5f3deeb7bd4d894d5c550719","WPLBN0000692109.pdf","application/pdf","6,776","1","Thu, 20 Aug 2020 09:02:07"
"5f3edf2625733a4e815f6b5e","WPLBN0082098531.pdf","application/pdf","6,802","1","Fri, 21 Aug 2020 02:07:58"
"5f3deb0e158ac827cb81d7c2","WPLBN0000706919.pdf","application/pdf","6,816","1","Thu, 20 Aug 2020 08:46:30"
"5f3edf85bd4d894d5c60658d","WPLBN0082098548.pdf","application/pdf","6,840","1","Fri, 21 Aug 2020 02:09:33"
"5f3deb0e2d49701c31859d9f","WPLBN0000706928.pdf","application/pdf","6,866","1","Thu, 20 Aug 2020 08:46:30"
"5f3deb0abd4d894d5c54f22b","WPLBN0000706942.pdf","application/octet-stream","6,881","1","Thu, 20 Aug 2020 08:46:26"
"5f3def42bd4d894d5c550a0d","WPLBN0000689501.pdf","application/pdf","6,926","1","Thu, 20 Aug 2020 09:04:26"
"5f3deb4b25733a4e8153c2cf","WPLBN0000705718.pdf","application/pdf","6,927","1","Thu, 20 Aug 2020 08:47:31"
"5f3debbabd4d894d5c54f464","WPLBN0000702813.pdf","application/pdf","6,929","1","Thu, 20 Aug 2020 08:49:22"
"5f3ea33d158ac827cb8ac157","WPLBN0000033461.pdf","application/pdf","6,940","1","Thu, 20 Aug 2020 21:52:21"
"5f3deb33158ac827cb81d878","WPLBN0000706190.pdf","application/pdf","6,947","1","Thu, 20 Aug 2020 08:47:07"
"5f3deaca3e080710127eccb4","WPLBN0000708399.pdf","application/octet-stream","6,949","1","Thu, 20 Aug 2020 08:45:22"
"5f3deb0ebd4d894d5c54f22f","WPLBN0000706914.pdf","application/pdf","6,987","1","Thu, 20 Aug 2020 08:46:30"
"5f3deb0e3e080710127ecdcf","WPLBN0000706918.pdf","application/pdf","7,000","1","Thu, 20 Aug 2020 08:46:30"
"5f3e91d8158ac827cb89e5ee","WPLBN0000039061.pdf","application/pdf","7,006","1","Thu, 20 Aug 2020 20:38:08"
"5f3def712d49701c3185be3a","WPLBN0000688223.pdf","application/pdf","7,010","1","Thu, 20 Aug 2020 09:05:13"
"5f3deede2d49701c3185ba8f","WPLBN0000691496.pdf","application/pdf","7,016","1","Thu, 20 Aug 2020 09:02:46"
"5f3deb0d616c6563f86f131c","WPLBN0000706929.pdf","application/octet-stream","7,070","1","Thu, 20 Aug 2020 08:46:29"
"5f3deb173e080710127ece2e","WPLBN0000706769.pdf","application/octet-stream","7,091","1","Thu, 20 Aug 2020 08:46:39"
"5f3bb5fb158ac827cb6515b6","WPLBN0000113271.pdf","application/pdf","7,123","1","Tue, 18 Aug 2020 16:35:31"
"5f408695bd4d894d5c73daa3","WPLBN0000708184.pdf","application/pdf","7,152","1","Sat, 22 Aug 2020 08:14:37"
"5f3deb1fbd4d894d5c54f244","WPLBN0000706610.pdf","application/pdf","7,168","1","Thu, 20 Aug 2020 08:46:47"
"5f3ee5f92d49701c3191a004","WPLBN0082098896.pdf","application/pdf","7,194","1","Fri, 21 Aug 2020 02:37:05"
"5f3deae4bd4d894d5c54f1c2","WPLBN0000707834.pdf","application/pdf","7,196","1","Thu, 20 Aug 2020 08:45:48"
"5f3def9e2d49701c3185be73","WPLBN0000686504.pdf","application/pdf","7,199","1","Thu, 20 Aug 2020 09:05:58"
"5f3deeab616c6563f86f2b85","WPLBN0000692408.pdf","application/pdf","7,203","1","Thu, 20 Aug 2020 09:01:55"
"5f405c69616c6563f88cab7c","WPLBN0000027276.pdf","application/pdf","7,217","1","Sat, 22 Aug 2020 05:14:41"
"5f3def1d25733a4e8153e153","WPLBN0000690246.pdf","application/pdf","7,228","1","Thu, 20 Aug 2020 09:03:49"
"5f410bd42d49701c31ab216b","WPLBN0000679256.pdf","application/pdf","7,241","1","Sat, 22 Aug 2020 17:43:08"
"5f414646158ac827cba9bec8","WPLBN0000084806.pdf","application/pdf","7,258","1","Sat, 22 Aug 2020 21:52:30"
"5f400fbb2d49701c319fa723","WPLBN0000705895.pdf","application/octet-stream","7,278","1","Fri, 21 Aug 2020 23:47:31"
"5f3df0cd616c6563f86f362a","WPLBN0000676108.pdf","application/pdf","7,286","2","Thu, 20 Aug 2020 09:11:01"
"5f3bae7725733a4e8136f069","WPLBN0000090247.pdf","application/pdf","7,296","1","Tue, 18 Aug 2020 16:03:27"
"5f4086c0bd4d894d5c73db5c","WPLBN0000708170.pdf","application/octet-stream","7,314","1","Sat, 22 Aug 2020 08:15:20"
"5f3e76fabd4d894d5c5b7aea","WPLBN0000681197.pdf","application/pdf","7,319","1","Thu, 20 Aug 2020 18:43:30"
"5f4125803e08071012a529a2","WPLBN0000098212.pdf","application/pdf","7,335","1","Sat, 22 Aug 2020 19:32:40"
"5f3f7ce83e08071012921f77","WPLBN0000139059.pdf","application/pdf","7,339","1","Fri, 21 Aug 2020 13:21:04"
"5f3f626c25733a4e8165ba49","WPLBN0000001877.pdf","application/pdf","7,374","1","Fri, 21 Aug 2020 11:28:04"
"5f406b4325733a4e81720269","WPLBN0000188141.pdf","application/pdf","7,376","1","Sat, 22 Aug 2020 06:18:03"
"5f4042c4616c6563f88ba3d1","WPLBN0000687936.pdf","application/pdf","7,378","1","Sat, 22 Aug 2020 03:25:16"
"5f3dee8e25733a4e8153ddfa","WPLBN0000692700.pdf","application/pdf","7,384","1","Thu, 20 Aug 2020 09:01:26"
"5f4049123e080710129b8b8f","WPLBN0000708231.pdf","application/pdf","7,390","1","Sat, 22 Aug 2020 03:52:10"
"5f3def80158ac827cb81f966","WPLBN0000687632.pdf","application/pdf","7,423","1","Thu, 20 Aug 2020 09:05:28"
"5f3ff7ec3e0807101297dd35","WPLBN0000705702.pdf","application/pdf","7,435","1","Fri, 21 Aug 2020 22:05:56"
"5f3df0612d49701c3185c592","WPLBN0000679095.pdf","application/pdf","7,472","1","Thu, 20 Aug 2020 09:09:13"
"5f3df06025733a4e8153ea3d","WPLBN0000679250.pdf","application/pdf","7,479","1","Thu, 20 Aug 2020 09:09:12"
"5f3df010bd4d894d5c55101a","WPLBN0000681386.pdf","application/pdf","7,490","1","Thu, 20 Aug 2020 09:07:52"
"5f3beac4616c6563f8558b13","WPLBN0000216852.pdf","application/pdf","7,523","1","Tue, 18 Aug 2020 20:20:44"
"5f3fff1525733a4e816d3400","WPLBN0000705684.pdf","application/pdf","7,526","1","Fri, 21 Aug 2020 22:36:29"
"5f3deb183e080710127ece30","WPLBN0000706762.pdf","application/octet-stream","7,526","1","Thu, 20 Aug 2020 08:46:40"
"5f3ec0602d49701c318ff24c","WPLBN0000686496.pdf","application/pdf","7,536","1","Thu, 20 Aug 2020 23:56:40"
"5f3def422d49701c3185bc8f","WPLBN0000689514.pdf","application/pdf","7,571","1","Thu, 20 Aug 2020 09:04:26"
"5f3df12b3e080710127ef5e8","WPLBN0000674638.pdf","application/pdf","7,589","1","Thu, 20 Aug 2020 09:12:35"
"5f3bb1d92d49701c3168ee31","WPLBN0000101351.pdf","application/pdf","7,597","1","Tue, 18 Aug 2020 16:17:53"
"5f3bc51625733a4e81384aec","WPLBN0000143148.pdf","application/pdf","7,613","1","Tue, 18 Aug 2020 17:39:58"
"5f3f15b1bd4d894d5c62f292","WPLBN0000056863.pdf","application/pdf","7,628","1","Fri, 21 Aug 2020 06:00:41"
"5f3deb493e080710127ecf0c","WPLBN0000705756.pdf","application/pdf","7,638","1","Thu, 20 Aug 2020 08:47:29"
"5f3fb9092d49701c319b8ea9","WPLBN0000706682.pdf","application/pdf","7,698","1","Fri, 21 Aug 2020 17:37:37"
"5f4056353e080710129c132f","WPLBN0000706562.pdf","application/octet-stream","7,726","1","Sat, 22 Aug 2020 04:48:13"
"5f3debdbbd4d894d5c54f50f","WPLBN0000701988.pdf","application/pdf","7,740","1","Thu, 20 Aug 2020 08:49:55"
"5f3df03325733a4e8153ea09","WPLBN0000680183.pdf","application/octet-stream","7,740","1","Thu, 20 Aug 2020 09:08:27"
"5f404a0625733a4e8170a2ad","WPLBN0082097804.pdf","application/pdf","7,745","1","Sat, 22 Aug 2020 03:56:14"
"5f3deacdbd4d894d5c54f0fb","WPLBN0000708289.pdf","application/pdf","7,762","1","Thu, 20 Aug 2020 08:45:25"
"5f3b95c7bd4d894d5c36d3bc","WPLBN0000003912.pdf","application/pdf","7,765","1","Tue, 18 Aug 2020 14:18:07"
"5f3eb64f616c6563f8795029","WPLBN0000025292.pdf","application/pdf","7,783","1","Thu, 20 Aug 2020 23:13:43"
"5f411b40616c6563f895df61","WPLBN0000576626.pdf","application/pdf","7,818","1","Sat, 22 Aug 2020 18:48:56"
"5f3bb638bd4d894d5c38b863","WPLBN0000113749.pdf","application/pdf","7,850","1","Tue, 18 Aug 2020 16:36:32"
"5f40093cbd4d894d5c6e7487","WPLBN0000705904.pdf","application/octet-stream","7,876","1","Fri, 21 Aug 2020 23:19:48"
"5f3e7c8c25733a4e815aac82","WPLBN0000681114.pdf","application/pdf","7,889","1","Thu, 20 Aug 2020 19:07:16"
"5f3f82ab3e080710129270b0","WPLBN0082099039.pdf","application/pdf","7,958","1","Fri, 21 Aug 2020 13:45:39"
"5f3dfa6e25733a4e81544441","WPLBN0000594579.pdf","application/pdf","7,961","1","Thu, 20 Aug 2020 09:52:06"
"5f3b9fb825733a4e813610d4","WPLBN0000039398.pdf","application/pdf","8,003","1","Tue, 18 Aug 2020 15:00:32"
"5f3d20603e0807101274bf99","WPLBN0000901264.pdf","text/html","8,003","1","Wed, 19 Aug 2020 18:21:44"
"5f3f9a74616c6563f883e815","WPLBN0000083455.pdf","application/pdf","8,007","1","Fri, 21 Aug 2020 15:27:08"
"5f401859158ac827cb9c5cb3","WPLBN0000705796.pdf","application/pdf","8,017","1","Sat, 22 Aug 2020 00:24:17"
"5f3df12b158ac827cb820236","WPLBN0000674641.pdf","application/pdf","8,023","1","Thu, 20 Aug 2020 09:12:35"
"5f3be7ab2d49701c316bc14b","WPLBN0000207712.pdf","application/pdf","8,038","1","Tue, 18 Aug 2020 20:07:31"
"5f3b9ff8158ac827cb63c609","WPLBN0000039877.pdf","application/pdf","8,062","2","Tue, 18 Aug 2020 15:01:36"
"5f3ba39c25733a4e81364466","WPLBN0000054372.pdf","application/pdf","8,063","1","Tue, 18 Aug 2020 15:17:08"
"5f3eae382d49701c318f2595","WPLBN0000050622.pdf","application/pdf","8,073","1","Thu, 20 Aug 2020 22:39:12"
"5f3b98382d49701c316758d8","WPLBN0000013029.pdf","application/octet-stream","8,073","1","Tue, 18 Aug 2020 14:28:32"
"5f3bb5b825733a4e8137594b","WPLBN0000112395.pdf","application/pdf","8,079","1","Tue, 18 Aug 2020 16:34:24"
"5f3ff4543e0807101297bff6","WPLBN0000441409.pdf","text/html","8,092","1","Fri, 21 Aug 2020 21:50:36"
"5f40c2f125733a4e8175f74d","WPLBN0000030172.pdf","application/pdf","8,096","1","Sat, 22 Aug 2020 12:32:09"
"5f3d2ed0158ac827cb780939","WPLBN0000421015.pdf","text/html","8,098","1","Wed, 19 Aug 2020 19:23:20"
"5f3ee066158ac827cb8d9882","WPLBN0000011602.pdf","application/pdf","8,112","1","Fri, 21 Aug 2020 02:13:18"
"5f3edfe125733a4e815f71de","WPLBN0082098561.pdf","application/pdf","8,123","1","Fri, 21 Aug 2020 02:11:05"
"5f3f670abd4d894d5c66d955","WPLBN0082136559.pdf","application/pdf","8,135","1","Fri, 21 Aug 2020 11:47:46"
"5f3df1b0616c6563f86f39e2","WPLBN0000671560.pdf","application/pdf","8,156","1","Thu, 20 Aug 2020 09:14:48"
"5f3eb4ba616c6563f8794057","WPLBN0001732403.pdf","text/html","8,158","1","Thu, 20 Aug 2020 23:06:58"
"5f4020b8616c6563f88a397c","WPLBN0001622943.pdf","text/html","8,158","1","Sat, 22 Aug 2020 01:00:00"
"5f3e33db2d49701c318915ca","WPLBN0001759430.pdf","text/html","8,158","1","Thu, 20 Aug 2020 13:57:07"
"5f40783225733a4e817284af","WPLBN0001516465.pdf","text/html","8,158","1","Sat, 22 Aug 2020 07:13:14"
"5f3e7bf7158ac827cb88c16b","WPLBN0001721872.pdf","text/html","8,160","1","Thu, 20 Aug 2020 19:04:47"
"5f3e1433616c6563f870c732","WPLBN0001826674.pdf","application/octet-stream","8,166","1","Thu, 20 Aug 2020 11:42:03"
"5f3f5fca2d49701c319787dc","WPLBN0000217325.pdf","application/pdf","8,169","1","Fri, 21 Aug 2020 11:16:50"
"5f407132158ac827cba016ab","WPLBN0001755532.pdf","application/octet-stream","8,170","1","Sat, 22 Aug 2020 06:43:22"
"5f3e6e4925733a4e8159e0e1","WPLBN0001457503.pdf","text/html","8,181","1","Thu, 20 Aug 2020 18:06:25"
"5f3ee5bb2d49701c31919e1b","WPLBN0001442762.pdf","text/html","8,181","1","Fri, 21 Aug 2020 02:36:03"
"5f3fa2f72d49701c319a8745","WPLBN0001456800.pdf","text/html","8,181","1","Fri, 21 Aug 2020 16:03:27"
"5f3e35aa3e08071012825e70","WPLBN0001779816.pdf","text/html","8,187","1","Thu, 20 Aug 2020 14:04:50"
"5f3d1d5f158ac827cb77285f","WPLBN0001452675.pdf","text/html","8,187","1","Wed, 19 Aug 2020 18:08:55"
"5f3e381525733a4e81577386","WPLBN0001773669.pdf","text/html","8,187","1","Thu, 20 Aug 2020 14:15:09"
"5f3fd2eb3e08071012962c05","WPLBN0001664640.pdf","text/html","8,187","1","Fri, 21 Aug 2020 19:28:03"
"5f3df7a13e080710127f22cd","WPLBN0001661374.pdf","application/octet-stream","8,187","1","Thu, 20 Aug 2020 09:40:09"
"5f3f884f2d49701c3199571e","WPLBN0001745948.pdf","text/html","8,187","1","Fri, 21 Aug 2020 14:09:43"
"5f3dc89d2d49701c3183d58d","WPLBN0001613031.pdf","text/html","8,187","1","Thu, 20 Aug 2020 06:19:33"
"5f3be9f82d49701c316be403","WPLBN0000215572.pdf","application/pdf","8,203","1","Tue, 18 Aug 2020 20:17:20"
"5f3f486b616c6563f8802073","WPLBN0000669889.pdf","application/pdf","8,235","1","Fri, 21 Aug 2020 09:37:07"
"5f3ded482d49701c3185aef5","WPLBN0000697176.pdf","application/pdf","8,239","1","Thu, 20 Aug 2020 08:56:00"
"5f412ac125733a4e817a907c","WPLBN0000023248.pdf","application/pdf","8,247","1","Sat, 22 Aug 2020 19:55:05"
"5f3bce77616c6563f85413bf","WPLBN0000161789.pdf","application/pdf","8,253","1","Tue, 18 Aug 2020 18:19:59"
"5f3f09622d49701c31933d42","WPLBN0000139801.pdf","application/pdf","8,259","1","Fri, 21 Aug 2020 05:08:10"
"5f3ba470bd4d894d5c37b0e9","WPLBN0000056869.pdf","application/pdf","8,268","1","Tue, 18 Aug 2020 15:20:40"
"5f3fb9cb158ac827cb97cbb1","WPLBN0000706698.pdf","application/pdf","8,275","1","Fri, 21 Aug 2020 17:40:51"
"5f3f5fd23e0807101290ba26","WPLBN0000217324.pdf","application/pdf","8,276","1","Fri, 21 Aug 2020 11:16:58"
"5f3ded3b616c6563f86f2175","WPLBN0000697460.pdf","application/pdf","8,343","1","Thu, 20 Aug 2020 08:55:47"
"5f3defb4616c6563f86f30e9","WPLBN0000685486.pdf","application/pdf","8,387","1","Thu, 20 Aug 2020 09:06:20"
"5f3f9fecbd4d894d5c6963d3","WPLBN0000046469.pdf","application/pdf","8,388","1","Fri, 21 Aug 2020 15:50:28"
"5f3bb2db2d49701c31690017","WPLBN0000105278.pdf","application/pdf","8,400","1","Tue, 18 Aug 2020 16:22:11"
"5f3ded3c158ac827cb81e9aa","WPLBN0000697441.pdf","application/pdf","8,412","1","Thu, 20 Aug 2020 08:55:48"
"5f3def9e158ac827cb81f984","WPLBN0000686503.pdf","application/pdf","8,419","1","Thu, 20 Aug 2020 09:05:58"
"5f3dee852d49701c3185b7a1","WPLBN0000692778.pdf","application/pdf","8,430","1","Thu, 20 Aug 2020 09:01:17"
"5f3f164d616c6563f87ddce2","WPLBN0000056871.pdf","application/pdf","8,433","1","Fri, 21 Aug 2020 06:03:17"
"5f3d14d7616c6563f8642182","WPLBN0000902593.pdf","text/html","8,436","1","Wed, 19 Aug 2020 17:32:31"
"5f3d12e3616c6563f8640b37","WPLBN0000903039.pdf","text/html","8,436","1","Wed, 19 Aug 2020 17:24:11"
"5f3e3f9e25733a4e81578f60","WPLBN0000903612.pdf","text/html","8,436","1","Thu, 20 Aug 2020 14:47:18"
"5f3bce103e08071012644e9c","WPLBN0001225507.pdf","text/html","8,436","1","Tue, 18 Aug 2020 18:18:16"
"5f3d12e32d49701c317aaf81","WPLBN0000903035.pdf","text/html","8,436","1","Wed, 19 Aug 2020 17:24:11"
"5f3ba4f0616c6563f851c3fb","WPLBN0001188488.pdf","text/html","8,438","1","Tue, 18 Aug 2020 15:22:48"
"5f409834616c6563f88f8ce5","WPLBN0001202590.pdf","text/html","8,438","1","Sat, 22 Aug 2020 09:29:48"
"5f3eed15158ac827cb8e29cf","WPLBN0082098760.pdf","application/pdf","8,444","1","Fri, 21 Aug 2020 03:07:25"
"5f3deba525733a4e8153c51b","WPLBN0000703336.pdf","application/pdf","8,452","1","Thu, 20 Aug 2020 08:49:01"
"5f3decd6bd4d894d5c54fcd1","WPLBN0000698829.pdf","application/pdf","8,457","1","Thu, 20 Aug 2020 08:54:06"
"5f4042c42d49701c31a1e41f","WPLBN0000687935.pdf","application/pdf","8,571","1","Sat, 22 Aug 2020 03:25:16"
"5f3ef89b616c6563f87c5f62","WPLBN0082098948.pdf","application/pdf","8,587","1","Fri, 21 Aug 2020 03:56:35"
"5f3fc25e3e08071012955ff8","WPLBN0000689779.pdf","application/pdf","8,601","1","Fri, 21 Aug 2020 18:17:26"
"5f3e04f3bd4d894d5c55d85a","WPLBN0001678861.pdf","text/html","8,602","1","Thu, 20 Aug 2020 10:36:59"
"5f3df0113e080710127ef123","WPLBN0000681311.pdf","application/pdf","8,608","1","Thu, 20 Aug 2020 09:07:53"
"5f3dc0d9616c6563f86ce325","WPLBN0001606500.pdf","text/html","8,620","1","Thu, 20 Aug 2020 05:46:25"
"5f3f31453e080710128e6b36","WPLBN0000680195.pdf","application/pdf","8,627","1","Fri, 21 Aug 2020 07:58:21"
"5f3d9130bd4d894d5c501adf","WPLBN0001550071.pdf","application/octet-stream","8,631","1","Thu, 20 Aug 2020 02:23:04"
"5f3cc4732d49701c3176c5da","WPLBN0000376160.pdf","text/html","8,634","1","Wed, 19 Aug 2020 11:49:31"
"5f400fdf616c6563f8897ce3","WPLBN0000153973.pdf","application/pdf","8,643","1","Fri, 21 Aug 2020 23:48:07"
"5f3be0493e08071012653739","WPLBN0000193587.pdf","application/pdf","8,658","1","Tue, 18 Aug 2020 19:36:01"
"5f3dec2c2d49701c3185a5f1","WPLBN0000700843.pdf","application/pdf","8,664","1","Thu, 20 Aug 2020 08:51:16"
"5f3bc210158ac827cb65c30e","WPLBN0000135289.pdf","application/pdf","8,672","1","Tue, 18 Aug 2020 17:27:04"
"5f3decd725733a4e8153d0eb","WPLBN0000698820.pdf","application/pdf","8,692","1","Thu, 20 Aug 2020 08:54:07"
"5f3dee28616c6563f86f2803","WPLBN0000694367.pdf","application/pdf","8,713","1","Thu, 20 Aug 2020 08:59:44"
"5f3bc06625733a4e8137fa34","WPLBN0000131092.pdf","application/pdf","8,721","1","Tue, 18 Aug 2020 17:19:58"
"5f3f228c158ac827cb90a385","WPLBN0000672363.pdf","application/pdf","8,735","1","Fri, 21 Aug 2020 06:55:32"
"5f3ca53125733a4e81439c5f","WPLBN0003038568.pdf","application/pdf","8,748","1","Wed, 19 Aug 2020 09:36:09"
"5f3f2e3825733a4e81631584","WPLBN0000703703.pdf","application/pdf","8,771","1","Fri, 21 Aug 2020 07:45:20"
"5f3ca179616c6563f85e8b71","WPLBN0003023537.pdf","application/pdf","8,772","1","Wed, 19 Aug 2020 09:20:17"
"5f3ff658158ac827cb9aa9db","WPLBN0000705303.pdf","application/pdf","8,787","1","Fri, 21 Aug 2020 21:59:12"
"5f3edfbc3e080710128a9d15","WPLBN0082098572.pdf","application/pdf","8,787","1","Fri, 21 Aug 2020 02:10:28"
"5f3ed85f3e080710128a4e54","WPLBN0082098661.pdf","application/pdf","8,791","1","Fri, 21 Aug 2020 01:39:03"
"5f3e9120bd4d894d5c5cbf92","WPLBN0001728499.pdf","text/html","8,826","1","Thu, 20 Aug 2020 20:35:04"
"5f3df1ac158ac827cb820436","WPLBN0000671792.pdf","application/pdf","8,832","1","Thu, 20 Aug 2020 09:14:44"
"5f4103c725733a4e8178d993","WPLBN0000704402.pdf","application/pdf","8,838","1","Sat, 22 Aug 2020 17:08:47"
"5f3ed62b158ac827cb8d336f","WPLBN0082098611.pdf","application/pdf","8,841","1","Fri, 21 Aug 2020 01:29:39"
"5f415456158ac827cbaa6bdd","WPLBN0000682144.pdf","application/pdf","8,842","1","Sat, 22 Aug 2020 22:52:30"
"5f407f18bd4d894d5c738ea6","WPLBN0000105493.pdf","application/pdf","8,861","1","Sat, 22 Aug 2020 07:42:40"
"5f3ba1652d49701c3167f999","WPLBN0001176199.pdf","text/html","8,885","1","Tue, 18 Aug 2020 15:07:41"
"5f3deb622d49701c3185a07b","WPLBN0000705085.pdf","application/pdf","8,910","1","Thu, 20 Aug 2020 08:47:54"
"5f3ebf58616c6563f879bb64","WPLBN0082097619.pdf","application/pdf","8,942","1","Thu, 20 Aug 2020 23:52:16"
"5f3ca29525733a4e81437d2b","WPLBN0003030220.pdf","application/pdf","8,944","1","Wed, 19 Aug 2020 09:25:01"
"5f3ca295bd4d894d5c44442e","WPLBN0003030219.pdf","application/pdf","8,944","1","Wed, 19 Aug 2020 09:25:01"
"5f3deebb2d49701c3185b982","WPLBN0000692093.pdf","application/pdf","8,961","1","Thu, 20 Aug 2020 09:02:11"
"5f3f31953e080710128e6ec6","WPLBN0000022136.pdf","application/pdf","8,981","1","Fri, 21 Aug 2020 07:59:41"
"5f3deeec25733a4e8153e03d","WPLBN0000691257.pdf","application/pdf","9,042","1","Thu, 20 Aug 2020 09:03:00"
"5f3ca25425733a4e81437af6","WPLBN0003029481.pdf","application/pdf","9,047","1","Wed, 19 Aug 2020 09:23:56"
"5f4008d82d49701c319f56be","WPLBN0000705910.pdf","application/pdf","9,080","1","Fri, 21 Aug 2020 23:18:08"
"5f3f39cd2d49701c3195b312","WPLBN0000003796.pdf","application/pdf","9,118","1","Fri, 21 Aug 2020 08:34:45"
"5f3eb85a25733a4e815da045","WPLBN0082098041.pdf","application/pdf","9,135","1","Thu, 20 Aug 2020 23:22:26"
"5f3e91b825733a4e815bb4b3","WPLBN0000039057.pdf","application/pdf","9,155","1","Thu, 20 Aug 2020 20:37:36"
"5f3e3f33bd4d894d5c587f76","WPLBN0000681867.pdf","application/pdf","9,158","1","Thu, 20 Aug 2020 14:45:31"
"5f3ded08158ac827cb81e868","WPLBN0000698080.pdf","application/pdf","9,171","1","Thu, 20 Aug 2020 08:54:56"
"5f3debc4616c6563f86f1738","WPLBN0000702520.pdf","application/pdf","9,177","1","Thu, 20 Aug 2020 08:49:32"